{
  "Baseline": {
    "f1_scores": [
      0.0,
      0.13333333333333333,
      0.0,
      0.0,
      0.0,
      0.15,
      0.05128205128205128,
      0.0,
      0.0,
      0.0,
      0.0,
      1.0,
      0.1951219512195122,
      0.0,
      0.0,
      0.0,
      0.0,
      0.0,
      0.0,
      0.0,
      0.0,
      0.0,
      0.0,
      0.5454545454545454,
      0.0,
      0.0,
      0.04624277456647399,
      0.020408163265306124,
      0.0,
      0.0,
      0.0,
      0.0,
      0.0,
      0.0,
      0.0,
      0.0,
      0.0,
      0.2941176470588235,
      0.0,
      0.0,
      0.0,
      0.0909090909090909,
      0.13793103448275862,
      0.0,
      0.3333333333333333,
      0.0,
      0.0,
      0.0,
      0.0,
      0.0
    ],
    "times": [
      2.5041794776916504,
      1.9352481365203857,
      2.0869786739349365,
      1.883887529373169,
      2.1020395755767822,
      2.240830183029175,
      2.2989914417266846,
      2.424342632293701,
      1.9548380374908447,
      2.249351739883423,
      2.1171376705169678,
      1.9438660144805908,
      1.957488775253296,
      2.565945625305176,
      2.1651434898376465,
      2.5705158710479736,
      2.567664384841919,
      2.2162632942199707,
      2.195342540740967,
      2.331122636795044,
      2.021979570388794,
      2.567995548248291,
      2.2188241481781006,
      2.2410898208618164,
      2.5316519737243652,
      2.1956636905670166,
      1.916426420211792,
      2.5742974281311035,
      1.8766705989837646,
      2.271982431411743,
      2.036754846572876,
      2.175093173980713,
      2.3387503623962402,
      2.5752134323120117,
      2.1375949382781982,
      2.578981876373291,
      1.9859225749969482,
      1.862116813659668,
      2.296426773071289,
      2.2907638549804688,
      2.5257108211517334,
      2.3411953449249268,
      1.872511863708496,
      2.1016156673431396,
      2.4836678504943848,
      2.1511690616607666,
      1.8437862396240234,
      2.1125376224517822,
      1.9482271671295166,
      2.3162171840667725
    ],
    "retention_pcts": [
      100.0,
      100.0,
      100.0,
      100.0,
      100.0,
      100.0,
      100.0,
      100.0,
      100.0,
      100.0,
      100.0,
      100.0,
      100.0,
      100.0,
      100.0,
      100.0,
      100.0,
      100.0,
      100.0,
      100.0,
      100.0,
      100.0,
      100.0,
      100.0,
      100.0,
      100.0,
      100.0,
      100.0,
      100.0,
      100.0,
      100.0,
      100.0,
      100.0,
      100.0,
      100.0,
      100.0,
      100.0,
      100.0,
      100.0,
      100.0,
      100.0,
      100.0,
      100.0,
      100.0,
      100.0,
      100.0,
      100.0,
      100.0,
      100.0,
      100.0
    ]
  },
  "SnapKV-256": {
    "f1_scores": [
      0.0,
      0.07894736842105263,
      0.0,
      0.0,
      0.058823529411764705,
      0.15,
      0.0,
      0.0,
      0.0,
      0.0,
      0.0,
      1.0,
      1.0,
      0.0,
      0.0,
      0.0,
      0.0,
      0.0,
      0.08,
      0.0,
      0.0,
      0.0625,
      0.0,
      0.0,
      0.1724137931034483,
      0.0,
      0.12307692307692307,
      0.03680981595092024,
      0.037037037037037035,
      0.0,
      0.0,
      0.0,
      0.0,
      0.0,
      0.0,
      0.0,
      0.016877637130801686,
      0.0,
      0.0,
      0.0,
      0.0,
      0.07894736842105263,
      0.0,
      0.0,
      0.0,
      0.0,
      0.0,
      0.0,
      0.0,
      0.5384615384615384
    ],
    "times": [
      2.1238677501678467,
      1.9088878631591797,
      2.035048246383667,
      1.862687110900879,
      2.0489790439605713,
      1.1236491203308105,
      2.238776206970215,
      2.3469736576080322,
      1.931945562362671,
      2.186401605606079,
      1.187833547592163,
      1.9133186340332031,
      1.9244582653045654,
      1.871006965637207,
      2.0676262378692627,
      2.467895269393921,
      1.9720311164855957,
      1.2090888023376465,
      2.140126943588257,
      2.2686052322387695,
      1.9797101020812988,
      2.4714457988739014,
      2.1626789569854736,
      2.195835590362549,
      2.443511962890625,
      2.1477878093719482,
      1.8930785655975342,
      2.4720122814178467,
      1.8724663257598877,
      2.2049126625061035,
      2.0082106590270996,
      2.1218550205230713,
      2.275614023208618,
      2.479363441467285,
      2.0985500812530518,
      2.474599838256836,
      1.9567060470581055,
      1.84490966796875,
      2.234083414077759,
      2.2274019718170166,
      2.4277727603912354,
      1.8586862087249756,
      1.8650214672088623,
      2.0490825176239014,
      2.39416766166687,
      2.077108144760132,
      1.8360955715179443,
      2.0754659175872803,
      1.9217724800109863,
      1.4985759258270264
    ],
    "retention_pcts": [
      5.642495040775843,
      7.264472190692395,
      5.445649861731546,
      8.080808080808081,
      5.332222453655488,
      4.420652737005699,
      4.064137164629306,
      3.601575689364097,
      6.911447084233262,
      4.410751206064782,
      5.265322912381736,
      7.362668967500719,
      7.089448906120188,
      3.2,
      4.94303919675613,
      3.2,
      3.2,
      4.5993532159540065,
      4.694663487988263,
      3.9518369867242975,
      6.299212598425196,
      3.2,
      4.591104734576758,
      4.534183492738221,
      3.272820250575301,
      4.690362770245511,
      7.896360271437384,
      3.2,
      8.752136752136753,
      4.322863897331983,
      5.963195900302819,
      4.910799923268751,
      3.9640755651904613,
      3.2,
      5.197969543147208,
      3.2,
      6.7191601049868765,
      9.202012940330698,
      4.170060270402345,
      4.233504216967091,
      3.325539101065212,
      3.9433148490449788,
      8.818463658284534,
      5.600525049223365,
      3.4408602150537635,
      5.092500497314502,
      9.80467253925699,
      5.40084388185654,
      7.381776239907728,
      4.094689699296225
    ]
  },
  "SnapKV-512": {
    "f1_scores": [
      0.0,
      0.057142857142857134,
      0.0,
      0.0,
      0.0,
      0.15,
      0.0625,
      0.0,
      0.0,
      0.11764705882352941,
      0.0,
      1.0,
      1.0,
      0.0,
      0.013245033112582783,
      0.0,
      0.0,
      0.0,
      0.0,
      0.0,
      0.0,
      0.0,
      0.0,
      0.10526315789473682,
      0.0,
      0.0,
      0.07619047619047618,
      0.018808777429467086,
      0.0,
      0.0,
      0.05128205128205128,
      0.0,
      0.0,
      0.0,
      0.04545454545454545,
      0.0,
      0.03669724770642201,
      0.125,
      0.0,
      0.0,
      0.0,
      0.025641025641025647,
      0.0,
      0.3333333333333333,
      0.0,
      0.0,
      0.0,
      0.15384615384615383,
      0.0,
      0.5384615384615384
    ],